date,corrected,state
2020-05-04,0.0176,Alabama
2020-05-04,0.022,Alaska
2020-05-04,0.0164,Arizona
2020-05-04,0.0116,Arkansas
2020-05-04,0.0312,California
2020-05-04,0.0236,Colorado
2020-05-04,0.018,Connecticut
2020-05-04,0.0276,Delaware
2020-05-04,0.0188,Florida
2020-05-04,0.014,Georgia
2020-05-04,0.0336,Hawaii
2020-05-04,0.018,Idaho
2020-05-04,0.0276,Illinois
2020-05-04,0.0148,Indiana
2020-05-04,0.0108,Iowa
2020-05-04,0.0188,Kansas
2020-05-04,0.0168,Kentucky
2020-05-04,0.0144,Louisiana
2020-05-04,0.0232,Maine
2020-05-04,0.0232,Maryland
2020-05-04,0.04,Massachusetts
2020-05-04,0.0348,Michigan
2020-05-04,0.0228,Minnesota
2020-05-04,0.0148,Mississippi
2020-05-04,0.0152,Missouri
2020-05-04,0.0344,Montana
2020-05-04,0.014,Nebraska
2020-05-04,0.0196,Nevada
2020-05-04,0.0204,New Hampshire
2020-05-04,0.0212,New Jersey
2020-05-04,0.0164,New Mexico
2020-05-04,0.0172,New York
2020-05-04,0.0196,North Carolina
2020-05-04,0.0264,North Dakota
2020-05-04,0.0192,Ohio
2020-05-04,0.0164,Oklahoma
2020-05-04,0.0296,Oregon
2020-05-04,0.024,Pennsylvania
2020-05-04,0.0144,Rhode Island
2020-05-04,0.0132,South Carolina
2020-05-04,0.0084,South Dakota
2020-05-04,0.0116,Tennessee
2020-05-04,0.0236,Texas
2020-05-04,0.0112,Utah
2020-05-04,0.0292,Vermont
2020-05-04,0.0252,Virginia
2020-05-04,0.0236,Washington
2020-05-04,0.0224,West Virginia
2020-05-04,0.0212,Wisconsin
2020-05-04,0.026,Wyoming
2020-05-11,0.0032,Alabama
2020-05-11,0.0,Alaska
2020-05-11,0.006,Arizona
2020-05-11,0.0044,Arkansas
2020-05-11,0.0108,California
2020-05-11,0.0128,Colorado
2020-05-11,0.0076,Connecticut
2020-05-11,0.0156,Delaware
2020-05-11,0.0084,Florida
2020-05-11,0.0052,Georgia
2020-05-11,0.01,Hawaii
2020-05-11,0.0048,Idaho
2020-05-11,0.0088,Illinois
2020-05-11,0.008,Indiana
2020-05-11,0.0064,Iowa
2020-05-11,0.0068,Kansas
2020-05-11,0.0072,Kentucky
2020-05-11,0.0052,Louisiana
2020-05-11,0.0096,Maine
2020-05-11,0.0108,Maryland
2020-05-11,0.0112,Massachusetts
2020-05-11,0.04,Michigan
2020-05-11,0.0128,Minnesota
2020-05-11,0.0028,Mississippi
2020-05-11,0.0068,Missouri
2020-05-11,0.0124,Montana
2020-05-11,0.0056,Nebraska
2020-05-11,0.0104,Nevada
2020-05-11,0.0076,New Hampshire
2020-05-11,0.0092,New Jersey
2020-05-11,0.0088,New Mexico
2020-05-11,0.0104,New York
2020-05-11,0.0092,North Carolina
2020-05-11,0.0048,North Dakota
2020-05-11,0.0084,Ohio
2020-05-11,0.0044,Oklahoma
2020-05-11,0.0128,Oregon
2020-05-11,0.0116,Pennsylvania
2020-05-11,0.01,Rhode Island
2020-05-11,0.0064,South Carolina
2020-05-11,0.0176,South Dakota
2020-05-11,0.0052,Tennessee
2020-05-11,0.0132,Texas
2020-05-11,0.0036,Utah
2020-05-11,0.0052,Vermont
2020-05-11,0.01,Virginia
2020-05-11,0.0116,Washington
2020-05-11,0.0168,West Virginia
2020-05-11,0.008,Wisconsin
2020-05-11,0.0132,Wyoming
2020-05-18,0.0032,Alabama
2020-05-18,0.0094,Alaska
2020-05-18,0.0056,Arizona
2020-05-18,0.0022,Arkansas
2020-05-18,0.0098,California
2020-05-18,0.0084,Colorado
2020-05-18,0.0118,Connecticut
2020-05-18,0.0066,Delaware
2020-05-18,0.0054,Florida
2020-05-18,0.0032,Georgia
2020-05-18,0.0094,Hawaii
2020-05-18,0.0054,Idaho
2020-05-18,0.0076,Illinois
2020-05-18,0.005,Indiana
2020-05-18,0.006,Iowa
2020-05-18,0.0034,Kansas
2020-05-18,0.009,Kentucky
2020-05-18,0.0036,Louisiana
2020-05-18,0.008,Maine
2020-05-18,0.0104,Maryland
2020-05-18,0.0088,Massachusetts
2020-05-18,0.0174,Michigan
2020-05-18,0.0092,Minnesota
2020-05-18,0.0016,Mississippi
2020-05-18,0.005,Missouri
2020-05-18,0.0058,Montana
2020-05-18,0.0026,Nebraska
2020-05-18,0.005,Nevada
2020-05-18,0.0142,New Hampshire
2020-05-18,0.0088,New Jersey
2020-05-18,0.0082,New Mexico
2020-05-18,0.0074,New York
2020-05-18,0.0036,North Carolina
2020-05-18,0.0108,North Dakota
2020-05-18,0.0044,Ohio
2020-05-18,0.005,Oklahoma
2020-05-18,0.0086,Oregon
2020-05-18,0.0076,Pennsylvania
2020-05-18,0.008,Rhode Island
2020-05-18,0.0052,South Carolina
2020-05-18,0.005,South Dakota
2020-05-18,0.0038,Tennessee
2020-05-18,0.01,Texas
2020-05-18,0.0042,Utah
2020-05-18,0.0058,Vermont
2020-05-18,0.008,Virginia
2020-05-18,0.007,Washington
2020-05-18,0.0052,West Virginia
2020-05-18,0.0076,Wisconsin
2020-05-18,0.0074,Wyoming
2020-05-25,0.20931428571428567,Alabama
2020-05-25,0.20365714285714284,Alaska
2020-05-25,0.30548571428571425,Arizona
2020-05-25,0.2489142857142857,Arkansas
2020-05-25,0.4582285714285714,California
2020-05-25,0.3450857142857143,Colorado
2020-05-25,0.20365714285714284,Connecticut
2020-05-25,0.33377142857142855,Delaware
2020-05-25,0.2658857142857143,Florida
2020-05-25,0.3281142857142857,Georgia
2020-05-25,0.20365714285714284,Hawaii
2020-05-25,0.23194285714285715,Idaho
2020-05-25,0.38468571428571424,Illinois
2020-05-25,0.30548571428571425,Indiana
2020-05-25,0.24325714285714284,Iowa
2020-05-25,0.2149714285714286,Kansas
2020-05-25,0.2772,Kentucky
2020-05-25,0.1866857142857143,Louisiana
2020-05-25,0.20931428571428567,Maine
2020-05-25,0.2376,Maryland
2020-05-25,0.3111428571428571,Massachusetts
2020-05-25,0.3281142857142857,Michigan
2020-05-25,0.5657142857142857,Minnesota
2020-05-25,0.13577142857142857,Mississippi
2020-05-25,0.27154285714285714,Missouri
2020-05-25,0.16405714285714285,Montana
2020-05-25,0.38468571428571424,Nebraska
2020-05-25,0.3903428571428571,Nevada
2020-05-25,0.20365714285714284,New Hampshire
2020-05-25,0.24325714285714284,New Jersey
2020-05-25,0.25457142857142856,New Mexico
2020-05-25,0.28851428571428567,New York
2020-05-25,0.3168,North Carolina
2020-05-25,0.3677142857142857,North Dakota
2020-05-25,0.33377142857142855,Ohio
2020-05-25,0.3281142857142857,Oklahoma
2020-05-25,0.3677142857142857,Oregon
2020-05-25,0.3111428571428571,Pennsylvania
2020-05-25,0.22062857142857142,Rhode Island
2020-05-25,0.2941714285714286,South Carolina
2020-05-25,0.2489142857142857,South Dakota
2020-05-25,0.28851428571428567,Tennessee
2020-05-25,0.25457142857142856,Texas
2020-05-25,0.29982857142857144,Utah
2020-05-25,0.1866857142857143,Vermont
2020-05-25,0.28851428571428567,Virginia
2020-05-25,0.48085714285714287,Washington
2020-05-25,0.1584,West Virginia
2020-05-25,0.3564,Wisconsin
2020-05-25,0.1470857142857143,Wyoming
2020-06-01,0.35,Alabama
2020-06-01,0.29,Alaska
2020-06-01,0.41,Arizona
2020-06-01,0.4,Arkansas
2020-06-01,0.8,California
2020-06-01,0.43,Colorado
2020-06-01,0.47,Connecticut
2020-06-01,0.55,Delaware
2020-06-01,0.38,Florida
2020-06-01,0.38,Georgia
2020-06-01,0.37,Hawaii
2020-06-01,0.4,Idaho
2020-06-01,0.55,Illinois
2020-06-01,0.36,Indiana
2020-06-01,0.36,Iowa
2020-06-01,0.33,Kansas
2020-06-01,0.33,Kentucky
2020-06-01,0.29,Louisiana
2020-06-01,0.45,Maine
2020-06-01,0.5,Maryland
2020-06-01,0.68,Massachusetts
2020-06-01,0.45,Michigan
2020-06-01,0.33,Minnesota
2020-06-01,0.21,Mississippi
2020-06-01,0.44,Missouri
2020-06-01,0.34,Montana
2020-06-01,0.38,Nebraska
2020-06-01,0.51,Nevada
2020-06-01,0.43,New Hampshire
2020-06-01,0.53,New Jersey
2020-06-01,0.29,New Mexico
2020-06-01,0.49,New York
2020-06-01,0.41,North Carolina
2020-06-01,0.29,North Dakota
2020-06-01,0.39,Ohio
2020-06-01,0.42,Oklahoma
2020-06-01,0.68,Oregon
2020-06-01,0.47,Pennsylvania
2020-06-01,0.48,Rhode Island
2020-06-01,0.33,South Carolina
2020-06-01,0.35,South Dakota
2020-06-01,0.37,Tennessee
2020-06-01,0.36,Texas
2020-06-01,0.33,Utah
2020-06-01,0.41,Vermont
2020-06-01,0.49,Virginia
2020-06-01,0.83,Washington
2020-06-01,0.27,West Virginia
2020-06-01,0.44,Wisconsin
2020-06-01,0.37,Wyoming
2020-06-08,0.0672,Alabama
2020-06-08,0.0744,Alaska
2020-06-08,0.0912,Arizona
2020-06-08,0.0672,Arkansas
2020-06-08,0.1152,California
2020-06-08,0.0888,Colorado
2020-06-08,0.084,Connecticut
2020-06-08,0.084,Delaware
2020-06-08,0.0792,Florida
2020-06-08,0.0864,Georgia
2020-06-08,0.0888,Hawaii
2020-06-08,0.0864,Idaho
2020-06-08,0.0936,Illinois
2020-06-08,0.0672,Indiana
2020-06-08,0.0816,Iowa
2020-06-08,0.0648,Kansas
2020-06-08,0.0792,Kentucky
2020-06-08,0.0696,Louisiana
2020-06-08,0.0888,Maine
2020-06-08,0.0888,Maryland
2020-06-08,0.0984,Massachusetts
2020-06-08,0.0816,Michigan
2020-06-08,0.072,Minnesota
2020-06-08,0.0648,Mississippi
2020-06-08,0.0888,Missouri
2020-06-08,0.0984,Montana
2020-06-08,0.0792,Nebraska
2020-06-08,0.0936,Nevada
2020-06-08,0.0864,New Hampshire
2020-06-08,0.0984,New Jersey
2020-06-08,0.0552,New Mexico
2020-06-08,0.0936,New York
2020-06-08,0.0768,North Carolina
2020-06-08,0.0504,North Dakota
2020-06-08,0.0864,Ohio
2020-06-08,0.0744,Oklahoma
2020-06-08,0.168,Oregon
2020-06-08,0.0984,Pennsylvania
2020-06-08,0.0816,Rhode Island
2020-06-08,0.0792,South Carolina
2020-06-08,0.0648,South Dakota
2020-06-08,0.0888,Tennessee
2020-06-08,0.0768,Texas
2020-06-08,0.0864,Utah
2020-06-08,0.0792,Vermont
2020-06-08,0.1008,Virginia
2020-06-08,0.24,Washington
2020-06-08,0.0384,West Virginia
2020-06-08,0.0864,Wisconsin
2020-06-08,0.0864,Wyoming
2020-06-15,0.03148571428571429,Alabama
2020-06-15,0.023885714285714284,Alaska
2020-06-15,0.04017142857142857,Arizona
2020-06-15,0.03691428571428572,Arkansas
2020-06-15,0.05645714285714286,California
2020-06-15,0.043428571428571434,Colorado
2020-06-15,0.035828571428571425,Connecticut
2020-06-15,0.05211428571428571,Delaware
2020-06-15,0.038,Florida
2020-06-15,0.05211428571428571,Georgia
2020-06-15,0.04125714285714286,Hawaii
2020-06-15,0.04668571428571429,Idaho
2020-06-15,0.044514285714285715,Illinois
2020-06-15,0.03257142857142857,Indiana
2020-06-15,0.04234285714285715,Iowa
2020-06-15,0.039085714285714286,Kansas
2020-06-15,0.05211428571428571,Kentucky
2020-06-15,0.04125714285714286,Louisiana
2020-06-15,0.04777142857142857,Maine
2020-06-15,0.044514285714285715,Maryland
2020-06-15,0.04668571428571429,Massachusetts
2020-06-15,0.039085714285714286,Michigan
2020-06-15,0.04125714285714286,Minnesota
2020-06-15,0.04125714285714286,Mississippi
2020-06-15,0.043428571428571434,Missouri
2020-06-15,0.0456,Montana
2020-06-15,0.043428571428571434,Nebraska
2020-06-15,0.05862857142857143,Nevada
2020-06-15,0.03257142857142857,New Hampshire
2020-06-15,0.04234285714285715,New Jersey
2020-06-15,0.05862857142857143,New Mexico
2020-06-15,0.05102857142857143,New York
2020-06-15,0.04994285714285714,North Carolina
2020-06-15,0.06622857142857143,North Dakota
2020-06-15,0.05862857142857143,Ohio
2020-06-15,0.06188571428571429,Oklahoma
2020-06-15,0.10857142857142858,Oregon
2020-06-15,0.04885714285714286,Pennsylvania
2020-06-15,0.038,Rhode Island
2020-06-15,0.038,South Carolina
2020-06-15,0.021714285714285717,South Dakota
2020-06-15,0.05102857142857143,Tennessee
2020-06-15,0.039085714285714286,Texas
2020-06-15,0.04125714285714286,Utah
2020-06-15,0.05211428571428571,Vermont
2020-06-15,0.0608,Virginia
2020-06-15,0.09771428571428573,Washington
2020-06-15,0.044514285714285715,West Virginia
2020-06-15,0.043428571428571434,Wisconsin
2020-06-15,0.02822857142857143,Wyoming
2020-06-22,0.026742857142857138,Alabama
2020-06-22,0.024,Alaska
2020-06-22,0.0288,Arizona
2020-06-22,0.0192,Arkansas
2020-06-22,0.037028571428571425,California
2020-06-22,0.04251428571428571,Colorado
2020-06-22,0.026742857142857138,Connecticut
2020-06-22,0.039085714285714286,Delaware
2020-06-22,0.02537142857142857,Florida
2020-06-22,0.031542857142857136,Georgia
2020-06-22,0.037714285714285714,Hawaii
2020-06-22,0.04251428571428571,Idaho
2020-06-22,0.03565714285714285,Illinois
2020-06-22,0.032228571428571426,Indiana
2020-06-22,0.04251428571428571,Iowa
2020-06-22,0.02537142857142857,Kansas
2020-06-22,0.03977142857142857,Kentucky
2020-06-22,0.02811428571428571,Louisiana
2020-06-22,0.0192,Maine
2020-06-22,0.04114285714285714,Maryland
2020-06-22,0.03634285714285714,Massachusetts
2020-06-22,0.037028571428571425,Michigan
2020-06-22,0.031542857142857136,Minnesota
2020-06-22,0.021257142857142856,Mississippi
2020-06-22,0.04594285714285714,Missouri
2020-06-22,0.0288,Montana
2020-06-22,0.03977142857142857,Nebraska
2020-06-22,0.026742857142857138,Nevada
2020-06-22,0.02057142857142857,New Hampshire
2020-06-22,0.031542857142857136,New Jersey
2020-06-22,0.017828571428571426,New Mexico
2020-06-22,0.03428571428571428,New York
2020-06-22,0.037028571428571425,North Carolina
2020-06-22,0.024,North Dakota
2020-06-22,0.0384,Ohio
2020-06-22,0.0336,Oklahoma
2020-06-22,0.06034285714285714,Oregon
2020-06-22,0.039085714285714286,Pennsylvania
2020-06-22,0.026057142857142855,Rhode Island
2020-06-22,0.029485714285714282,South Carolina
2020-06-22,0.031542857142857136,South Dakota
2020-06-22,0.032228571428571426,Tennessee
2020-06-22,0.030857142857142854,Texas
2020-06-22,0.0336,Utah
2020-06-22,0.024685714285714283,Vermont
2020-06-22,0.04182857142857143,Virginia
2020-06-22,0.06308571428571427,Washington
2020-06-22,0.02811428571428571,West Virginia
2020-06-22,0.053485714285714275,Wisconsin
2020-06-22,0.02262857142857143,Wyoming
2020-06-29,0.023771428571428572,Alabama
2020-06-29,0.02897142857142857,Alaska
2020-06-29,0.029714285714285717,Arizona
2020-06-29,0.030457142857142856,Arkansas
2020-06-29,0.0364,California
2020-06-29,0.04308571428571429,Colorado
2020-06-29,0.02525714285714286,Connecticut
2020-06-29,0.024514285714285714,Delaware
2020-06-29,0.02897142857142857,Florida
2020-06-29,0.0312,Georgia
2020-06-29,0.0312,Hawaii
2020-06-29,0.0572,Idaho
2020-06-29,0.026742857142857145,Illinois
2020-06-29,0.034171428571428575,Indiana
2020-06-29,0.022285714285714287,Iowa
2020-06-29,0.033428571428571426,Kansas
2020-06-29,0.0364,Kentucky
2020-06-29,0.030457142857142856,Louisiana
2020-06-29,0.014857142857142859,Maine
2020-06-29,0.02822857142857143,Maryland
2020-06-29,0.02897142857142857,Massachusetts
2020-06-29,0.02897142857142857,Michigan
2020-06-29,0.03937142857142857,Minnesota
2020-06-29,0.026742857142857145,Mississippi
2020-06-29,0.03565714285714285,Missouri
2020-06-29,0.02525714285714286,Montana
2020-06-29,0.03491428571428572,Nebraska
2020-06-29,0.03491428571428572,Nevada
2020-06-29,0.022285714285714287,New Hampshire
2020-06-29,0.0416,New Jersey
2020-06-29,0.021542857142857145,New Mexico
2020-06-29,0.029714285714285717,New York
2020-06-29,0.0312,North Carolina
2020-06-29,0.02822857142857143,North Dakota
2020-06-29,0.02822857142857143,Ohio
2020-06-29,0.02897142857142857,Oklahoma
2020-06-29,0.06537142857142858,Oregon
2020-06-29,0.037885714285714286,Pennsylvania
2020-06-29,0.01262857142857143,Rhode Island
2020-06-29,0.029714285714285717,South Carolina
2020-06-29,0.06537142857142858,South Dakota
2020-06-29,0.0364,Tennessee
2020-06-29,0.02822857142857143,Texas
2020-06-29,0.07428571428571429,Utah
2020-06-29,0.034171428571428575,Vermont
2020-06-29,0.0312,Virginia
2020-06-29,0.0676,Washington
2020-06-29,0.02822857142857143,West Virginia
2020-06-29,0.03937142857142857,Wisconsin
2020-06-29,0.0364,Wyoming
2020-07-06,0.014114285714285715,Alabama
2020-07-06,0.014114285714285715,Alaska
2020-07-06,0.017371428571428572,Arizona
2020-07-06,0.016828571428571432,Arkansas
2020-07-06,0.0228,California
2020-07-06,0.01845714285714286,Colorado
2020-07-06,0.020085714285714287,Connecticut
2020-07-06,0.017371428571428572,Delaware
2020-07-06,0.016828571428571432,Florida
2020-07-06,0.023342857142857144,Georgia
2020-07-06,0.019542857142857143,Hawaii
2020-07-06,0.02062857142857143,Idaho
2020-07-06,0.014114285714285715,Illinois
2020-07-06,0.02062857142857143,Indiana
2020-07-06,0.0114,Iowa
2020-07-06,0.023342857142857144,Kansas
2020-07-06,0.022257142857142857,Kentucky
2020-07-06,0.01845714285714286,Louisiana
2020-07-06,0.015742857142857145,Maine
2020-07-06,0.019,Maryland
2020-07-06,0.01845714285714286,Massachusetts
2020-07-06,0.028771428571428573,Michigan
2020-07-06,0.019,Minnesota
2020-07-06,0.013028571428571428,Mississippi
2020-07-06,0.025514285714285715,Missouri
2020-07-06,0.0152,Montana
2020-07-06,0.01845714285714286,Nebraska
2020-07-06,0.025514285714285715,Nevada
2020-07-06,0.0228,New Hampshire
2020-07-06,0.015742857142857145,New Jersey
2020-07-06,0.022257142857142857,New Mexico
2020-07-06,0.017371428571428572,New York
2020-07-06,0.0228,North Carolina
2020-07-06,0.012485714285714286,North Dakota
2020-07-06,0.017914285714285712,Ohio
2020-07-06,0.021171428571428574,Oklahoma
2020-07-06,0.043428571428571434,Oregon
2020-07-06,0.021714285714285717,Pennsylvania
2020-07-06,0.016285714285714285,Rhode Island
2020-07-06,0.011942857142857142,South Carolina
2020-07-06,0.0114,South Dakota
2020-07-06,0.0228,Tennessee
2020-07-06,0.017371428571428572,Texas
2020-07-06,0.05428571428571429,Utah
2020-07-06,0.025514285714285715,Vermont
2020-07-06,0.017914285714285712,Virginia
2020-07-06,0.0418,Washington
2020-07-06,0.0152,West Virginia
2020-07-06,0.021714285714285717,Wisconsin
2020-07-06,0.02062857142857143,Wyoming
2020-07-13,0.005485714285714286,Alabama
2020-07-13,0.010514285714285714,Alaska
2020-07-13,0.008228571428571427,Arizona
2020-07-13,0.009142857142857142,Arkansas
2020-07-13,0.0128,California
2020-07-13,0.008228571428571427,Colorado
2020-07-13,0.012342857142857142,Connecticut
2020-07-13,0.006857142857142857,Delaware
2020-07-13,0.010057142857142857,Florida
2020-07-13,0.010514285714285714,Georgia
2020-07-13,0.008685714285714284,Hawaii
2020-07-13,0.010514285714285714,Idaho
2020-07-13,0.015542857142857141,Illinois
2020-07-13,0.007771428571428571,Indiana
2020-07-13,0.0041142857142857136,Iowa
2020-07-13,0.004571428571428571,Kansas
2020-07-13,0.015085714285714286,Kentucky
2020-07-13,0.010057142857142857,Louisiana
2020-07-13,0.011885714285714284,Maine
2020-07-13,0.010971428571428571,Maryland
2020-07-13,0.010971428571428571,Massachusetts
2020-07-13,0.011428571428571429,Michigan
2020-07-13,0.011885714285714284,Minnesota
2020-07-13,0.008228571428571427,Mississippi
2020-07-13,0.012342857142857142,Missouri
2020-07-13,0.002742857142857143,Montana
2020-07-13,0.005485714285714286,Nebraska
2020-07-13,0.007314285714285714,Nevada
2020-07-13,0.012342857142857142,New Hampshire
2020-07-13,0.010057142857142857,New Jersey
2020-07-13,0.006857142857142857,New Mexico
2020-07-13,0.013714285714285714,New York
2020-07-13,0.008685714285714284,North Carolina
2020-07-13,0.010971428571428571,North Dakota
2020-07-13,0.010971428571428571,Ohio
2020-07-13,0.009142857142857142,Oklahoma
2020-07-13,0.045714285714285714,Oregon
2020-07-13,0.013714285714285714,Pennsylvania
2020-07-13,0.007314285714285714,Rhode Island
2020-07-13,0.009142857142857142,South Carolina
2020-07-13,0.006857142857142857,South Dakota
2020-07-13,0.007771428571428571,Tennessee
2020-07-13,0.007314285714285714,Texas
2020-07-13,0.011885714285714284,Utah
2020-07-13,0.005942857142857142,Vermont
2020-07-13,0.011885714285714284,Virginia
2020-07-13,0.022857142857142857,Washington
2020-07-13,0.004571428571428571,West Virginia
2020-07-13,0.011428571428571429,Wisconsin
2020-07-13,0.0096,Wyoming
2020-07-20,0.011657142857142857,Alabama
2020-07-20,0.013714285714285714,Alaska
2020-07-20,0.010285714285714285,Arizona
2020-07-20,0.012342857142857142,Arkansas
2020-07-20,0.015771428571428568,California
2020-07-20,0.021257142857142856,Colorado
2020-07-20,0.008914285714285713,Connecticut
2020-07-20,0.018514285714285712,Delaware
2020-07-20,0.0096,Florida
2020-07-20,0.0096,Georgia
2020-07-20,0.011657142857142857,Hawaii
2020-07-20,0.04525714285714286,Idaho
2020-07-20,0.016457142857142854,Illinois
2020-07-20,0.013028571428571428,Indiana
2020-07-20,0.006171428571428571,Iowa
2020-07-20,0.008914285714285713,Kansas
2020-07-20,0.03565714285714285,Kentucky
2020-07-20,0.0096,Louisiana
2020-07-20,0.006171428571428571,Maine
2020-07-20,0.010971428571428571,Maryland
2020-07-20,0.011657142857142857,Massachusetts
2020-07-20,0.011657142857142857,Michigan
2020-07-20,0.011657142857142857,Minnesota
2020-07-20,0.006857142857142857,Mississippi
2020-07-20,0.013714285714285714,Missouri
2020-07-20,0.012342857142857142,Montana
2020-07-20,0.013028571428571428,Nebraska
2020-07-20,0.015085714285714286,Nevada
2020-07-20,0.010971428571428571,New Hampshire
2020-07-20,0.008228571428571427,New Jersey
2020-07-20,0.013714285714285714,New Mexico
2020-07-20,0.010285714285714285,New York
2020-07-20,0.0144,North Carolina
2020-07-20,0.006171428571428571,North Dakota
2020-07-20,0.010971428571428571,Ohio
2020-07-20,0.013028571428571428,Oklahoma
2020-07-20,0.06857142857142856,Oregon
2020-07-20,0.013028571428571428,Pennsylvania
2020-07-20,0.011657142857142857,Rhode Island
2020-07-20,0.010971428571428571,South Carolina
2020-07-20,0.012342857142857142,South Dakota
2020-07-20,0.010971428571428571,Tennessee
2020-07-20,0.013714285714285714,Texas
2020-07-20,0.012342857142857142,Utah
2020-07-20,0.013714285714285714,Vermont
2020-07-20,0.01714285714285714,Virginia
2020-07-20,0.04457142857142857,Washington
2020-07-20,0.0041142857142857136,West Virginia
2020-07-20,0.010971428571428571,Wisconsin
2020-07-20,0.005485714285714286,Wyoming
2020-07-27,0.012,Alabama
2020-07-27,0.012,Alaska
2020-07-27,0.018285714285714287,Arizona
2020-07-27,0.016,Arkansas
2020-07-27,0.017714285714285714,California
2020-07-27,0.020571428571428574,Colorado
2020-07-27,0.016,Connecticut
2020-07-27,0.0051428571428571435,Delaware
2020-07-27,0.009142857142857144,Florida
2020-07-27,0.010285714285714287,Georgia
2020-07-27,0.009714285714285713,Hawaii
2020-07-27,0.023428571428571427,Idaho
2020-07-27,0.013714285714285714,Illinois
2020-07-27,0.013142857142857144,Indiana
2020-07-27,0.008571428571428572,Iowa
2020-07-27,0.021142857142857144,Kansas
2020-07-27,0.018857142857142857,Kentucky
2020-07-27,0.010857142857142857,Louisiana
2020-07-27,0.009714285714285713,Maine
2020-07-27,0.010285714285714287,Maryland
2020-07-27,0.014285714285714285,Massachusetts
2020-07-27,0.010857142857142857,Michigan
2020-07-27,0.013142857142857144,Minnesota
2020-07-27,0.011428571428571429,Mississippi
2020-07-27,0.013714285714285714,Missouri
2020-07-27,0.008571428571428572,Montana
2020-07-27,0.016571428571428574,Nebraska
2020-07-27,0.013714285714285714,Nevada
2020-07-27,0.013714285714285714,New Hampshire
2020-07-27,0.010857142857142857,New Jersey
2020-07-27,0.021714285714285714,New Mexico
2020-07-27,0.012,New York
2020-07-27,0.014285714285714285,North Carolina
2020-07-27,0.012571428571428572,North Dakota
2020-07-27,0.011428571428571429,Ohio
2020-07-27,0.016571428571428574,Oklahoma
2020-07-27,0.05714285714285714,Oregon
2020-07-27,0.012571428571428572,Pennsylvania
2020-07-27,0.022285714285714287,Rhode Island
2020-07-27,0.011428571428571429,South Carolina
2020-07-27,0.009714285714285713,South Dakota
2020-07-27,0.010857142857142857,Tennessee
2020-07-27,0.017142857142857144,Texas
2020-07-27,0.020571428571428574,Utah
2020-07-27,0.028,Vermont
2020-07-27,0.016,Virginia
2020-07-27,0.02857142857142857,Washington
2020-07-27,0.006857142857142857,West Virginia
2020-07-27,0.017714285714285714,Wisconsin
2020-07-27,0.018857142857142857,Wyoming
2020-08-03,0.006857142857142857,Alabama
2020-08-03,0.03,Alaska
2020-08-03,0.010714285714285714,Arizona
2020-08-03,0.012,Arkansas
2020-08-03,0.012428571428571428,California
2020-08-03,0.020142857142857143,Colorado
2020-08-03,0.009428571428571429,Connecticut
2020-08-03,0.009857142857142858,Delaware
2020-08-03,0.008142857142857143,Florida
2020-08-03,0.009857142857142858,Georgia
2020-08-03,0.012,Hawaii
2020-08-03,0.0077142857142857135,Idaho
2020-08-03,0.012857142857142855,Illinois
2020-08-03,0.012857142857142855,Indiana
2020-08-03,0.007285714285714286,Iowa
2020-08-03,0.015857142857142854,Kansas
2020-08-03,0.015857142857142854,Kentucky
2020-08-03,0.006857142857142857,Louisiana
2020-08-03,0.015857142857142854,Maine
2020-08-03,0.0077142857142857135,Maryland
2020-08-03,0.012428571428571428,Massachusetts
2020-08-03,0.012857142857142855,Michigan
2020-08-03,0.012,Minnesota
2020-08-03,0.006857142857142857,Mississippi
2020-08-03,0.014571428571428572,Missouri
2020-08-03,0.010714285714285714,Montana
2020-08-03,0.013285714285714286,Nebraska
2020-08-03,0.029142857142857144,Nevada
2020-08-03,0.008142857142857143,New Hampshire
2020-08-03,0.006,New Jersey
2020-08-03,0.011571428571428571,New Mexico
2020-08-03,0.010714285714285714,New York
2020-08-03,0.009857142857142858,North Carolina
2020-08-03,0.015857142857142854,North Dakota
2020-08-03,0.011571428571428571,Ohio
2020-08-03,0.011142857142857144,Oklahoma
2020-08-03,0.04285714285714286,Oregon
2020-08-03,0.010714285714285714,Pennsylvania
2020-08-03,0.01757142857142857,Rhode Island
2020-08-03,0.0051428571428571435,South Carolina
2020-08-03,0.023142857142857142,South Dakota
2020-08-03,0.011571428571428571,Tennessee
2020-08-03,0.012,Texas
2020-08-03,0.03514285714285714,Utah
2020-08-03,0.015857142857142854,Vermont
2020-08-03,0.011142857142857144,Virginia
2020-08-03,0.01757142857142857,Washington
2020-08-03,0.0077142857142857135,West Virginia
2020-08-03,0.011571428571428571,Wisconsin
2020-08-03,0.020571428571428574,Wyoming
2020-08-10,0.007771428571428571,Alabama
2020-08-10,0.008685714285714284,Alaska
2020-08-10,0.0128,Arizona
2020-08-10,0.005485714285714286,Arkansas
2020-08-10,0.0128,California
2020-08-10,0.01417142857142857,Colorado
2020-08-10,0.008228571428571427,Connecticut
2020-08-10,0.01737142857142857,Delaware
2020-08-10,0.007771428571428571,Florida
2020-08-10,0.013257142857142856,Georgia
2020-08-10,0.010057142857142857,Hawaii
2020-08-10,0.009142857142857142,Idaho
2020-08-10,0.045714285714285714,Illinois
2020-08-10,0.016914285714285715,Indiana
2020-08-10,0.0064,Iowa
2020-08-10,0.007771428571428571,Kansas
2020-08-10,0.011428571428571429,Kentucky
2020-08-10,0.009142857142857142,Louisiana
2020-08-10,0.015085714285714286,Maine
2020-08-10,0.012342857142857142,Maryland
2020-08-10,0.01417142857142857,Massachusetts
2020-08-10,0.016,Michigan
2020-08-10,0.02377142857142857,Minnesota
2020-08-10,0.003657142857142857,Mississippi
2020-08-10,0.010514285714285714,Missouri
2020-08-10,0.013714285714285714,Montana
2020-08-10,0.009142857142857142,Nebraska
2020-08-10,0.013257142857142856,Nevada
2020-08-10,0.017828571428571426,New Hampshire
2020-08-10,0.010057142857142857,New Jersey
2020-08-10,0.008685714285714284,New Mexico
2020-08-10,0.008685714285714284,New York
2020-08-10,0.010971428571428571,North Carolina
2020-08-10,0.012342857142857142,North Dakota
2020-08-10,0.0096,Ohio
2020-08-10,0.010057142857142857,Oklahoma
2020-08-10,0.045714285714285714,Oregon
2020-08-10,0.010057142857142857,Pennsylvania
2020-08-10,0.0128,Rhode Island
2020-08-10,0.007771428571428571,South Carolina
2020-08-10,0.006857142857142857,South Dakota
2020-08-10,0.010514285714285714,Tennessee
2020-08-10,0.0096,Texas
2020-08-10,0.01417142857142857,Utah
2020-08-10,0.010514285714285714,Vermont
2020-08-10,0.0128,Virginia
2020-08-10,0.026057142857142855,Washington
2020-08-10,0.005942857142857142,West Virginia
2020-08-10,0.021028571428571428,Wisconsin
2020-08-10,0.019657142857142856,Wyoming
2020-08-17,0.006428571428571428,Alabama
2020-08-17,0.0,Alaska
2020-08-17,0.012428571428571428,Arizona
2020-08-17,0.010714285714285714,Arkansas
2020-08-17,0.012857142857142855,California
2020-08-17,0.018428571428571426,Colorado
2020-08-17,0.011571428571428571,Connecticut
2020-08-17,0.00857142857142857,Delaware
2020-08-17,0.009,Florida
2020-08-17,0.009857142857142858,Georgia
2020-08-17,0.010285714285714287,Hawaii
2020-08-17,0.024857142857142855,Idaho
2020-08-17,0.018428571428571426,Illinois
2020-08-17,0.01757142857142857,Indiana
2020-08-17,0.011571428571428571,Iowa
2020-08-17,0.014571428571428572,Kansas
2020-08-17,0.027,Kentucky
2020-08-17,0.014571428571428572,Louisiana
2020-08-17,0.009857142857142858,Maine
2020-08-17,0.011142857142857144,Maryland
2020-08-17,0.012428571428571428,Massachusetts
2020-08-17,0.013714285714285714,Michigan
2020-08-17,0.024857142857142855,Minnesota
2020-08-17,0.011142857142857144,Mississippi
2020-08-17,0.012428571428571428,Missouri
2020-08-17,0.011142857142857144,Montana
2020-08-17,0.014571428571428572,Nebraska
2020-08-17,0.00857142857142857,Nevada
2020-08-17,0.012,New Hampshire
2020-08-17,0.010285714285714287,New Jersey
2020-08-17,0.009,New Mexico
2020-08-17,0.013285714285714286,New York
2020-08-17,0.011571428571428571,North Carolina
2020-08-17,0.018428571428571426,North Dakota
2020-08-17,0.011142857142857144,Ohio
2020-08-17,0.010285714285714287,Oklahoma
2020-08-17,0.04285714285714286,Oregon
2020-08-17,0.014571428571428572,Pennsylvania
2020-08-17,0.012428571428571428,Rhode Island
2020-08-17,0.008142857142857143,South Carolina
2020-08-17,0.009428571428571429,South Dakota
2020-08-17,0.012428571428571428,Tennessee
2020-08-17,0.009,Texas
2020-08-17,0.015428571428571427,Utah
2020-08-17,0.005571428571428572,Vermont
2020-08-17,0.013714285714285714,Virginia
2020-08-17,0.024,Washington
2020-08-17,0.014142857142857141,West Virginia
2020-08-17,0.021857142857142856,Wisconsin
2020-08-17,0.013714285714285714,Wyoming
2020-08-24,0.018857142857142857,Alabama
2020-08-24,0.033428571428571426,Alaska
2020-08-24,0.030857142857142854,Arizona
2020-08-24,0.022285714285714287,Arkansas
2020-08-24,0.036,California
2020-08-24,0.03857142857142857,Colorado
2020-08-24,0.023142857142857142,Connecticut
2020-08-24,0.016285714285714285,Delaware
2020-08-24,0.022285714285714287,Florida
2020-08-24,0.026571428571428572,Georgia
2020-08-24,0.018,Hawaii
2020-08-24,0.024857142857142855,Idaho
2020-08-24,0.05142857142857142,Illinois
2020-08-24,0.030857142857142854,Indiana
2020-08-24,0.03257142857142857,Iowa
2020-08-24,0.02571428571428571,Kansas
2020-08-24,0.04971428571428571,Kentucky
2020-08-24,0.03685714285714285,Louisiana
2020-08-24,0.020571428571428574,Maine
2020-08-24,0.03,Maryland
2020-08-24,0.03428571428571428,Massachusetts
2020-08-24,0.028285714285714282,Michigan
2020-08-24,0.03428571428571428,Minnesota
2020-08-24,0.02142857142857143,Mississippi
2020-08-24,0.027428571428571427,Missouri
2020-08-24,0.024857142857142855,Montana
2020-08-24,0.03514285714285714,Nebraska
2020-08-24,0.037714285714285714,Nevada
2020-08-24,0.028285714285714282,New Hampshire
2020-08-24,0.027428571428571427,New Jersey
2020-08-24,0.018857142857142857,New Mexico
2020-08-24,0.026571428571428572,New York
2020-08-24,0.037714285714285714,North Carolina
2020-08-24,0.018857142857142857,North Dakota
2020-08-24,0.024,Ohio
2020-08-24,0.03,Oklahoma
2020-08-24,0.06942857142857142,Oregon
2020-08-24,0.03171428571428571,Pennsylvania
2020-08-24,0.027428571428571427,Rhode Island
2020-08-24,0.026571428571428572,South Carolina
2020-08-24,0.018857142857142857,South Dakota
2020-08-24,0.026571428571428572,Tennessee
2020-08-24,0.023142857142857142,Texas
2020-08-24,0.03514285714285714,Utah
2020-08-24,0.028285714285714282,Vermont
2020-08-24,0.030857142857142854,Virginia
2020-08-24,0.04371428571428571,Washington
2020-08-24,0.019714285714285715,West Virginia
2020-08-24,0.072,Wisconsin
2020-08-24,0.022285714285714287,Wyoming
2020-08-31,0.016571428571428574,Alabama
2020-08-31,0.008571428571428572,Alaska
2020-08-31,0.022285714285714287,Arizona
2020-08-31,0.013142857142857144,Arkansas
2020-08-31,0.021142857142857144,California
2020-08-31,0.019428571428571427,Colorado
2020-08-31,0.014285714285714285,Connecticut
2020-08-31,0.010285714285714287,Delaware
2020-08-31,0.016,Florida
2020-08-31,0.015428571428571427,Georgia
2020-08-31,0.029714285714285717,Hawaii
2020-08-31,0.02,Idaho
2020-08-31,0.017714285714285714,Illinois
2020-08-31,0.014857142857142859,Indiana
2020-08-31,0.018857142857142857,Iowa
2020-08-31,0.016571428571428574,Kansas
2020-08-31,0.036,Kentucky
2020-08-31,0.017142857142857144,Louisiana
2020-08-31,0.030285714285714287,Maine
2020-08-31,0.017714285714285714,Maryland
2020-08-31,0.019428571428571427,Massachusetts
2020-08-31,0.016,Michigan
2020-08-31,0.016,Minnesota
2020-08-31,0.010857142857142857,Mississippi
2020-08-31,0.018285714285714287,Missouri
2020-08-31,0.012,Montana
2020-08-31,0.011428571428571429,Nebraska
2020-08-31,0.018285714285714287,Nevada
2020-08-31,0.018285714285714287,New Hampshire
2020-08-31,0.013142857142857144,New Jersey
2020-08-31,0.013714285714285714,New Mexico
2020-08-31,0.020571428571428574,New York
2020-08-31,0.017142857142857144,North Carolina
2020-08-31,0.009714285714285713,North Dakota
2020-08-31,0.018285714285714287,Ohio
2020-08-31,0.014857142857142859,Oklahoma
2020-08-31,0.05714285714285714,Oregon
2020-08-31,0.017714285714285714,Pennsylvania
2020-08-31,0.010857142857142857,Rhode Island
2020-08-31,0.013142857142857144,South Carolina
2020-08-31,0.004571428571428572,South Dakota
2020-08-31,0.012,Tennessee
2020-08-31,0.013142857142857144,Texas
2020-08-31,0.012,Utah
2020-08-31,0.053142857142857144,Vermont
2020-08-31,0.021142857142857144,Virginia
2020-08-31,0.03428571428571429,Washington
2020-08-31,0.017714285714285714,West Virginia
2020-08-31,0.021714285714285714,Wisconsin
2020-08-31,0.013714285714285714,Wyoming
2020-09-07,0.015085714285714286,Alabama
2020-09-07,0.023314285714285714,Alaska
2020-09-07,0.02422857142857143,Arizona
2020-09-07,0.011885714285714284,Arkansas
2020-09-07,0.020114285714285713,California
2020-09-07,0.023314285714285714,Colorado
2020-09-07,0.014628571428571428,Connecticut
2020-09-07,0.016457142857142854,Delaware
2020-09-07,0.014628571428571428,Florida
2020-09-07,0.01417142857142857,Georgia
2020-09-07,0.020114285714285713,Hawaii
2020-09-07,0.014628571428571428,Idaho
2020-09-07,0.018285714285714284,Illinois
2020-09-07,0.016,Indiana
2020-09-07,0.015542857142857141,Iowa
2020-09-07,0.016457142857142854,Kansas
2020-09-07,0.016457142857142854,Kentucky
2020-09-07,0.014628571428571428,Louisiana
2020-09-07,0.02377142857142857,Maine
2020-09-07,0.018285714285714284,Maryland
2020-09-07,0.015542857142857141,Massachusetts
2020-09-07,0.02148571428571428,Michigan
2020-09-07,0.01737142857142857,Minnesota
2020-09-07,0.016457142857142854,Mississippi
2020-09-07,0.0192,Missouri
2020-09-07,0.0224,Montana
2020-09-07,0.02377142857142857,Nebraska
2020-09-07,0.0192,Nevada
2020-09-07,0.020114285714285713,New Hampshire
2020-09-07,0.011885714285714284,New Jersey
2020-09-07,0.03337142857142857,New Mexico
2020-09-07,0.023314285714285714,New York
2020-09-07,0.01737142857142857,North Carolina
2020-09-07,0.012342857142857142,North Dakota
2020-09-07,0.02057142857142857,Ohio
2020-09-07,0.017828571428571426,Oklahoma
2020-09-07,0.045714285714285714,Oregon
2020-09-07,0.026971428571428573,Pennsylvania
2020-09-07,0.011885714285714284,Rhode Island
2020-09-07,0.015085714285714286,South Carolina
2020-09-07,0.019657142857142856,South Dakota
2020-09-07,0.020114285714285713,Tennessee
2020-09-07,0.016,Texas
2020-09-07,0.015542857142857141,Utah
2020-09-07,0.043885714285714285,Vermont
2020-09-07,0.020114285714285713,Virginia
2020-09-07,0.027885714285714285,Washington
2020-09-07,0.0192,West Virginia
2020-09-07,0.01874285714285714,Wisconsin
2020-09-07,0.01737142857142857,Wyoming
2020-09-14,0.012,Alabama
2020-09-14,0.0116,Alaska
2020-09-14,0.0272,Arizona
2020-09-14,0.0196,Arkansas
2020-09-14,0.0252,California
2020-09-14,0.0252,Colorado
2020-09-14,0.0272,Connecticut
2020-09-14,0.0292,Delaware
2020-09-14,0.0216,Florida
2020-09-14,0.0212,Georgia
2020-09-14,0.022,Hawaii
2020-09-14,0.018,Idaho
2020-09-14,0.0292,Illinois
2020-09-14,0.0124,Indiana
2020-09-14,0.0192,Iowa
2020-09-14,0.018,Kansas
2020-09-14,0.0312,Kentucky
2020-09-14,0.0276,Louisiana
2020-09-14,0.0268,Maine
2020-09-14,0.0284,Maryland
2020-09-14,0.0132,Massachusetts
2020-09-14,0.0176,Michigan
2020-09-14,0.0272,Minnesota
2020-09-14,0.0144,Mississippi
2020-09-14,0.0304,Missouri
2020-09-14,0.0104,Montana
2020-09-14,0.0268,Nebraska
2020-09-14,0.0196,Nevada
2020-09-14,0.0112,New Hampshire
2020-09-14,0.0188,New Jersey
2020-09-14,0.03,New Mexico
2020-09-14,0.0292,New York
2020-09-14,0.0264,North Carolina
2020-09-14,0.0384,North Dakota
2020-09-14,0.0232,Ohio
2020-09-14,0.0248,Oklahoma
2020-09-14,0.0316,Oregon
2020-09-14,0.0352,Pennsylvania
2020-09-14,0.0332,Rhode Island
2020-09-14,0.0272,South Carolina
2020-09-14,0.0312,South Dakota
2020-09-14,0.0224,Tennessee
2020-09-14,0.0192,Texas
2020-09-14,0.0288,Utah
2020-09-14,0.0316,Vermont
2020-09-14,0.0284,Virginia
2020-09-14,0.024,Washington
2020-09-14,0.0224,West Virginia
2020-09-14,0.0252,Wisconsin
2020-09-14,0.0344,Wyoming
2020-09-21,0.010314285714285715,Alabama
2020-09-21,0.004885714285714286,Alaska
2020-09-21,0.014657142857142858,Arizona
2020-09-21,0.0114,Arkansas
2020-09-21,0.022257142857142857,California
2020-09-21,0.015742857142857145,Colorado
2020-09-21,0.010857142857142859,Connecticut
2020-09-21,0.014114285714285715,Delaware
2020-09-21,0.014114285714285715,Florida
2020-09-21,0.013571428571428573,Georgia
2020-09-21,0.010857142857142859,Hawaii
2020-09-21,0.011942857142857142,Idaho
2020-09-21,0.019,Illinois
2020-09-21,0.017371428571428572,Indiana
2020-09-21,0.008142857142857143,Iowa
2020-09-21,0.008142857142857143,Kansas
2020-09-21,0.05428571428571429,Kentucky
2020-09-21,0.0114,Louisiana
2020-09-21,0.015742857142857145,Maine
2020-09-21,0.016285714285714285,Maryland
2020-09-21,0.019,Massachusetts
2020-09-21,0.014657142857142858,Michigan
2020-09-21,0.013028571428571428,Minnesota
2020-09-21,0.010314285714285715,Mississippi
2020-09-21,0.013028571428571428,Missouri
2020-09-21,0.00922857142857143,Montana
2020-09-21,0.004885714285714286,Nebraska
2020-09-21,0.023885714285714284,Nevada
2020-09-21,0.014657142857142858,New Hampshire
2020-09-21,0.013571428571428573,New Jersey
2020-09-21,0.013028571428571428,New Mexico
2020-09-21,0.0152,New York
2020-09-21,0.017914285714285712,North Carolina
2020-09-21,0.010314285714285715,North Dakota
2020-09-21,0.013571428571428573,Ohio
2020-09-21,0.011942857142857142,Oklahoma
2020-09-21,0.030942857142857143,Oregon
2020-09-21,0.016828571428571432,Pennsylvania
2020-09-21,0.008685714285714286,Rhode Island
2020-09-21,0.012485714285714286,South Carolina
2020-09-21,0.0076,South Dakota
2020-09-21,0.014114285714285715,Tennessee
2020-09-21,0.0114,Texas
2020-09-21,0.010314285714285715,Utah
2020-09-21,0.00922857142857143,Vermont
2020-09-21,0.013571428571428573,Virginia
2020-09-21,0.0266,Washington
2020-09-21,0.006514285714285714,West Virginia
2020-09-21,0.015742857142857145,Wisconsin
2020-09-21,0.017914285714285712,Wyoming
2020-09-28,0.014485714285714286,Alabama
2020-09-28,0.0104,Alaska
2020-09-28,0.014114285714285715,Arizona
2020-09-28,0.005942857142857143,Arkansas
2020-09-28,0.022285714285714287,California
2020-09-28,0.011142857142857144,Colorado
2020-09-28,0.012257142857142857,Connecticut
2020-09-28,0.01745714285714286,Delaware
2020-09-28,0.011142857142857144,Florida
2020-09-28,0.011142857142857144,Georgia
2020-09-28,0.0182,Hawaii
2020-09-28,0.009285714285714286,Idaho
2020-09-28,0.011885714285714286,Illinois
2020-09-28,0.011514285714285715,Indiana
2020-09-28,0.005942857142857143,Iowa
2020-09-28,0.011514285714285715,Kansas
2020-09-28,0.022285714285714287,Kentucky
2020-09-28,0.024885714285714285,Louisiana
2020-09-28,0.015228571428571428,Maine
2020-09-28,0.0156,Maryland
2020-09-28,0.016342857142857145,Massachusetts
2020-09-28,0.0182,Michigan
2020-09-28,0.010771428571428572,Minnesota
2020-09-28,0.009285714285714286,Mississippi
2020-09-28,0.011514285714285715,Missouri
2020-09-28,0.006314285714285715,Montana
2020-09-28,0.008914285714285713,Nebraska
2020-09-28,0.023771428571428572,Nevada
2020-09-28,0.014114285714285715,New Hampshire
2020-09-28,0.012257142857142857,New Jersey
2020-09-28,0.015971428571428574,New Mexico
2020-09-28,0.016342857142857145,New York
2020-09-28,0.013,North Carolina
2020-09-28,0.008171428571428573,North Dakota
2020-09-28,0.016342857142857145,Ohio
2020-09-28,0.01262857142857143,Oklahoma
2020-09-28,0.02525714285714286,Oregon
2020-09-28,0.013,Pennsylvania
2020-09-28,0.011514285714285715,Rhode Island
2020-09-28,0.011885714285714286,South Carolina
2020-09-28,0.008171428571428573,South Dakota
2020-09-28,0.013742857142857145,Tennessee
2020-09-28,0.013,Texas
2020-09-28,0.012257142857142857,Utah
2020-09-28,0.037142857142857144,Vermont
2020-09-28,0.015971428571428574,Virginia
2020-09-28,0.0234,Washington
2020-09-28,0.004085714285714286,West Virginia
2020-09-28,0.013742857142857145,Wisconsin
2020-09-28,0.012257142857142857,Wyoming
2020-10-05,0.007285714285714286,Alabama
2020-10-05,0.025285714285714286,Alaska
2020-10-05,0.010285714285714287,Arizona
2020-10-05,0.006428571428571428,Arkansas
2020-10-05,0.018,California
2020-10-05,0.018857142857142857,Colorado
2020-10-05,0.011142857142857144,Connecticut
2020-10-05,0.009,Delaware
2020-10-05,0.009857142857142858,Florida
2020-10-05,0.007285714285714286,Georgia
2020-10-05,0.015,Hawaii
2020-10-05,0.007285714285714286,Idaho
2020-10-05,0.010714285714285714,Illinois
2020-10-05,0.010285714285714287,Indiana
2020-10-05,0.008142857142857143,Iowa
2020-10-05,0.011571428571428571,Kansas
2020-10-05,0.013285714285714286,Kentucky
2020-10-05,0.010285714285714287,Louisiana
2020-10-05,0.012,Maine
2020-10-05,0.009,Maryland
2020-10-05,0.009428571428571429,Massachusetts
2020-10-05,0.009428571428571429,Michigan
2020-10-05,0.018428571428571426,Minnesota
2020-10-05,0.006857142857142857,Mississippi
2020-10-05,0.009857142857142858,Missouri
2020-10-05,0.0,Montana
2020-10-05,0.0034285714285714284,Nebraska
2020-10-05,0.011571428571428571,Nevada
2020-10-05,0.012428571428571428,New Hampshire
2020-10-05,0.0077142857142857135,New Jersey
2020-10-05,0.008142857142857143,New Mexico
2020-10-05,0.016285714285714285,New York
2020-10-05,0.009428571428571429,North Carolina
2020-10-05,0.009857142857142858,North Dakota
2020-10-05,0.0077142857142857135,Ohio
2020-10-05,0.008142857142857143,Oklahoma
2020-10-05,0.022714285714285715,Oregon
2020-10-05,0.009428571428571429,Pennsylvania
2020-10-05,0.009,Rhode Island
2020-10-05,0.011142857142857144,South Carolina
2020-10-05,0.012428571428571428,South Dakota
2020-10-05,0.010285714285714287,Tennessee
2020-10-05,0.010285714285714287,Texas
2020-10-05,0.012428571428571428,Utah
2020-10-05,0.014571428571428572,Vermont
2020-10-05,0.014142857142857141,Virginia
2020-10-05,0.018428571428571426,Washington
2020-10-05,0.009857142857142858,West Virginia
2020-10-05,0.04285714285714286,Wisconsin
2020-10-05,0.018857142857142857,Wyoming
2020-10-12,0.012342857142857142,Alabama
2020-10-12,0.008685714285714284,Alaska
2020-10-12,0.008685714285714284,Arizona
2020-10-12,0.0018285714285714285,Arkansas
2020-10-12,0.015542857142857141,California
2020-10-12,0.016457142857142854,Colorado
2020-10-12,0.010971428571428571,Connecticut
2020-10-12,0.004571428571428571,Delaware
2020-10-12,0.008228571428571427,Florida
2020-10-12,0.005942857142857142,Georgia
2020-10-12,0.009142857142857142,Hawaii
2020-10-12,0.010514285714285714,Idaho
2020-10-12,0.008228571428571427,Illinois
2020-10-12,0.007771428571428571,Indiana
2020-10-12,0.0064,Iowa
2020-10-12,0.008228571428571427,Kansas
2020-10-12,0.007314285714285714,Kentucky
2020-10-12,0.0032,Louisiana
2020-10-12,0.010971428571428571,Maine
2020-10-12,0.015542857142857141,Maryland
2020-10-12,0.011885714285714284,Massachusetts
2020-10-12,0.010514285714285714,Michigan
2020-10-12,0.009142857142857142,Minnesota
2020-10-12,0.007314285714285714,Mississippi
2020-10-12,0.008228571428571427,Missouri
2020-10-12,0.005028571428571428,Montana
2020-10-12,0.005028571428571428,Nebraska
2020-10-12,0.010057142857142857,Nevada
2020-10-12,0.0064,New Hampshire
2020-10-12,0.0096,New Jersey
2020-10-12,0.01417142857142857,New Mexico
2020-10-12,0.011428571428571429,New York
2020-10-12,0.008685714285714284,North Carolina
2020-10-12,0.0064,North Dakota
2020-10-12,0.0064,Ohio
2020-10-12,0.0064,Oklahoma
2020-10-12,0.013257142857142856,Oregon
2020-10-12,0.009142857142857142,Pennsylvania
2020-10-12,0.021028571428571428,Rhode Island
2020-10-12,0.007771428571428571,South Carolina
2020-10-12,0.0128,South Dakota
2020-10-12,0.007314285714285714,Tennessee
2020-10-12,0.008685714285714284,Texas
2020-10-12,0.010971428571428571,Utah
2020-10-12,0.007771428571428571,Vermont
2020-10-12,0.0096,Virginia
2020-10-12,0.012342857142857142,Washington
2020-10-12,0.0032,West Virginia
2020-10-12,0.007771428571428571,Wisconsin
2020-10-12,0.0,Wyoming
2020-10-19,0.012342857142857143,Alabama
2020-10-19,0.0,Alaska
2020-10-19,0.012342857142857143,Arizona
2020-10-19,0.008485714285714286,Arkansas
2020-10-19,0.02082857142857143,California
2020-10-19,0.013885714285714286,Colorado
2020-10-19,0.015428571428571427,Connecticut
2020-10-19,0.0162,Delaware
2020-10-19,0.013114285714285714,Florida
2020-10-19,0.0162,Georgia
2020-10-19,0.018514285714285712,Hawaii
2020-10-19,0.015428571428571427,Idaho
2020-10-19,0.02082857142857143,Illinois
2020-10-19,0.0077142857142857135,Indiana
2020-10-19,0.012342857142857143,Iowa
2020-10-19,0.0108,Kansas
2020-10-19,0.017742857142857144,Kentucky
2020-10-19,0.018514285714285712,Louisiana
2020-10-19,0.019285714285714285,Maine
2020-10-19,0.028542857142857144,Maryland
2020-10-19,0.019285714285714285,Massachusetts
2020-10-19,0.015428571428571427,Michigan
2020-10-19,0.015428571428571427,Minnesota
2020-10-19,0.006942857142857143,Mississippi
2020-10-19,0.011571428571428573,Missouri
2020-10-19,0.0,Montana
2020-10-19,0.0077142857142857135,Nebraska
2020-10-19,0.010028571428571428,Nevada
2020-10-19,0.01697142857142857,New Hampshire
2020-10-19,0.019285714285714285,New Jersey
2020-10-19,0.020057142857142857,New Mexico
2020-10-19,0.020057142857142857,New York
2020-10-19,0.012342857142857143,North Carolina
2020-10-19,0.0108,North Dakota
2020-10-19,0.014657142857142858,Ohio
2020-10-19,0.013114285714285714,Oklahoma
2020-10-19,0.024685714285714287,Oregon
2020-10-19,0.015428571428571427,Pennsylvania
2020-10-19,0.07714285714285714,Rhode Island
2020-10-19,0.010028571428571428,South Carolina
2020-10-19,0.0,South Dakota
2020-10-19,0.010028571428571428,Tennessee
2020-10-19,0.013885714285714286,Texas
2020-10-19,0.012342857142857143,Utah
2020-10-19,0.013114285714285714,Vermont
2020-10-19,0.0216,Virginia
2020-10-19,0.06788571428571429,Washington
2020-10-19,0.013885714285714286,West Virginia
2020-10-19,0.015428571428571427,Wisconsin
2020-10-19,0.0,Wyoming
2020-10-26,0.011885714285714286,Alabama
2020-10-26,0.021542857142857145,Alaska
2020-10-26,0.024514285714285714,Arizona
2020-10-26,0.017085714285714287,Arkansas
2020-10-26,0.03194285714285715,California
2020-10-26,0.03268571428571429,Colorado
2020-10-26,0.030457142857142856,Connecticut
2020-10-26,0.017828571428571426,Delaware
2020-10-26,0.022285714285714287,Florida
2020-10-26,0.02748571428571429,Georgia
2020-10-26,0.02302857142857143,Hawaii
2020-10-26,0.037885714285714286,Idaho
2020-10-26,0.03491428571428572,Illinois
2020-10-26,0.02302857142857143,Indiana
2020-10-26,0.018571428571428572,Iowa
2020-10-26,0.014114285714285715,Kansas
2020-10-26,0.0208,Kentucky
2020-10-26,0.016342857142857145,Louisiana
2020-10-26,0.023771428571428572,Maine
2020-10-26,0.04531428571428572,Maryland
2020-10-26,0.03491428571428572,Massachusetts
2020-10-26,0.03194285714285715,Michigan
2020-10-26,0.02302857142857143,Minnesota
2020-10-26,0.013371428571428572,Mississippi
2020-10-26,0.020057142857142857,Missouri
2020-10-26,0.03862857142857143,Montana
2020-10-26,0.033428571428571426,Nebraska
2020-10-26,0.023771428571428572,Nevada
2020-10-26,0.01262857142857143,New Hampshire
2020-10-26,0.03565714285714285,New Jersey
2020-10-26,0.03565714285714285,New Mexico
2020-10-26,0.03862857142857143,New York
2020-10-26,0.04234285714285715,North Carolina
2020-10-26,0.016342857142857145,North Dakota
2020-10-26,0.026742857142857145,Ohio
2020-10-26,0.023771428571428572,Oklahoma
2020-10-26,0.04531428571428572,Oregon
2020-10-26,0.06908571428571429,Pennsylvania
2020-10-26,0.07057142857142858,Rhode Island
2020-10-26,0.01262857142857143,South Carolina
2020-10-26,0.0156,South Dakota
2020-10-26,0.02525714285714286,Tennessee
2020-10-26,0.02302857142857143,Texas
2020-10-26,0.02525714285714286,Utah
2020-10-26,0.020057142857142857,Vermont
2020-10-26,0.03862857142857143,Virginia
2020-10-26,0.06017142857142858,Washington
2020-10-26,0.008171428571428573,West Virginia
2020-10-26,0.014857142857142859,Wisconsin
2020-10-26,0.02525714285714286,Wyoming
2020-11-02,0.011657142857142856,Alabama
2020-11-02,0.009714285714285713,Alaska
2020-11-02,0.03691428571428571,Arizona
2020-11-02,0.012142857142857141,Arkansas
2020-11-02,0.028657142857142857,California
2020-11-02,0.038857142857142854,Colorado
2020-11-02,0.013114285714285714,Connecticut
2020-11-02,0.0306,Delaware
2020-11-02,0.019428571428571427,Florida
2020-11-02,0.020885714285714282,Georgia
2020-11-02,0.017,Hawaii
2020-11-02,0.016514285714285714,Idaho
2020-11-02,0.031085714285714282,Illinois
2020-11-02,0.017485714285714285,Indiana
2020-11-02,0.017485714285714285,Iowa
2020-11-02,0.019914285714285714,Kansas
2020-11-02,0.018942857142857143,Kentucky
2020-11-02,0.009714285714285713,Louisiana
2020-11-02,0.017,Maine
2020-11-02,0.023799999999999998,Maryland
2020-11-02,0.02671428571428571,Massachusetts
2020-11-02,0.029628571428571428,Michigan
2020-11-02,0.04614285714285714,Minnesota
2020-11-02,0.008742857142857142,Mississippi
2020-11-02,0.017485714285714285,Missouri
2020-11-02,0.019914285714285714,Montana
2020-11-02,0.015057142857142856,Nebraska
2020-11-02,0.03302857142857143,Nevada
2020-11-02,0.034485714285714286,New Hampshire
2020-11-02,0.022828571428571427,New Jersey
2020-11-02,0.02137142857142857,New Mexico
2020-11-02,0.027685714285714282,New York
2020-11-02,0.025257142857142856,North Carolina
2020-11-02,0.01117142857142857,North Dakota
2020-11-02,0.01457142857142857,Ohio
2020-11-02,0.017,Oklahoma
2020-11-02,0.048571428571428564,Oregon
2020-11-02,0.02574285714285714,Pennsylvania
2020-11-02,0.013114285714285714,Rhode Island
2020-11-02,0.018942857142857143,South Carolina
2020-11-02,0.01457142857142857,South Dakota
2020-11-02,0.025257142857142856,Tennessee
2020-11-02,0.019914285714285714,Texas
2020-11-02,0.0306,Utah
2020-11-02,0.03642857142857143,Vermont
2020-11-02,0.023799999999999998,Virginia
2020-11-02,0.04274285714285714,Washington
2020-11-02,0.020399999999999998,West Virginia
2020-11-02,0.024285714285714282,Wisconsin
2020-11-02,0.016514285714285714,Wyoming
2020-11-09,0.002857142857142857,Alabama
2020-11-09,0.009142857142857144,Alaska
2020-11-09,0.0054285714285714284,Arizona
2020-11-09,0.0017142857142857142,Arkansas
2020-11-09,0.004571428571428572,California
2020-11-09,0.003142857142857143,Colorado
2020-11-09,0.002857142857142857,Connecticut
2020-11-09,0.0051428571428571435,Delaware
2020-11-09,0.0037142857142857147,Florida
2020-11-09,0.004857142857142857,Georgia
2020-11-09,0.004571428571428572,Hawaii
2020-11-09,0.002,Idaho
2020-11-09,0.0034285714285714284,Illinois
2020-11-09,0.005714285714285714,Indiana
2020-11-09,0.002285714285714286,Iowa
2020-11-09,0.003142857142857143,Kansas
2020-11-09,0.0051428571428571435,Kentucky
2020-11-09,0.002857142857142857,Louisiana
2020-11-09,0.006285714285714286,Maine
2020-11-09,0.008571428571428572,Maryland
2020-11-09,0.0051428571428571435,Massachusetts
2020-11-09,0.0051428571428571435,Michigan
2020-11-09,0.004571428571428572,Minnesota
2020-11-09,0.0034285714285714284,Mississippi
2020-11-09,0.004,Missouri
2020-11-09,0.0,Montana
2020-11-09,0.0034285714285714284,Nebraska
2020-11-09,0.0037142857142857147,Nevada
2020-11-09,0.0014285714285714286,New Hampshire
2020-11-09,0.005714285714285714,New Jersey
2020-11-09,0.004857142857142857,New Mexico
2020-11-09,0.004571428571428572,New York
2020-11-09,0.0051428571428571435,North Carolina
2020-11-09,0.002857142857142857,North Dakota
2020-11-09,0.004285714285714286,Ohio
2020-11-09,0.004,Oklahoma
2020-11-09,0.007428571428571429,Oregon
2020-11-09,0.0051428571428571435,Pennsylvania
2020-11-09,0.004857142857142857,Rhode Island
2020-11-09,0.002857142857142857,South Carolina
2020-11-09,0.0054285714285714284,South Dakota
2020-11-09,0.0037142857142857147,Tennessee
2020-11-09,0.004,Texas
2020-11-09,0.004285714285714286,Utah
2020-11-09,0.0051428571428571435,Vermont
2020-11-09,0.006571428571428572,Virginia
2020-11-09,0.006571428571428572,Washington
2020-11-09,0.0025714285714285717,West Virginia
2020-11-09,0.004857142857142857,Wisconsin
2020-11-09,0.004285714285714286,Wyoming
2020-11-16,0.009257142857142856,Alabama
2020-11-16,0.0168,Alaska
2020-11-16,0.016114285714285713,Arizona
2020-11-16,0.011314285714285714,Arkansas
2020-11-16,0.023314285714285714,California
2020-11-16,0.015771428571428568,Colorado
2020-11-16,0.011657142857142857,Connecticut
2020-11-16,0.01817142857142857,Delaware
2020-11-16,0.013714285714285714,Florida
2020-11-16,0.015085714285714286,Georgia
2020-11-16,0.014057142857142855,Hawaii
2020-11-16,0.005828571428571429,Idaho
2020-11-16,0.014057142857142855,Illinois
2020-11-16,0.0144,Indiana
2020-11-16,0.0030857142857142854,Iowa
2020-11-16,0.00857142857142857,Kansas
2020-11-16,0.0144,Kentucky
2020-11-16,0.018514285714285712,Louisiana
2020-11-16,0.0072,Maine
2020-11-16,0.018514285714285712,Maryland
2020-11-16,0.02022857142857143,Massachusetts
2020-11-16,0.018857142857142857,Michigan
2020-11-16,0.021942857142857142,Minnesota
2020-11-16,0.012342857142857142,Mississippi
2020-11-16,0.01817142857142857,Missouri
2020-11-16,0.019885714285714284,Montana
2020-11-16,0.014057142857142855,Nebraska
2020-11-16,0.026057142857142855,Nevada
2020-11-16,0.012685714285714285,New Hampshire
2020-11-16,0.011657142857142857,New Jersey
2020-11-16,0.011314285714285714,New Mexico
2020-11-16,0.016114285714285713,New York
2020-11-16,0.016114285714285713,North Carolina
2020-11-16,0.0,North Dakota
2020-11-16,0.015771428571428568,Ohio
2020-11-16,0.008228571428571427,Oklahoma
2020-11-16,0.024,Oregon
2020-11-16,0.014742857142857141,Pennsylvania
2020-11-16,0.023657142857142856,Rhode Island
2020-11-16,0.015428571428571427,South Carolina
2020-11-16,0.018857142857142857,South Dakota
2020-11-16,0.012,Tennessee
2020-11-16,0.015771428571428568,Texas
2020-11-16,0.015085714285714286,Utah
2020-11-16,0.015428571428571427,Vermont
2020-11-16,0.015771428571428568,Virginia
2020-11-16,0.0264,Washington
2020-11-16,0.012685714285714285,West Virginia
2020-11-16,0.020914285714285715,Wisconsin
2020-11-16,0.029485714285714282,Wyoming
2020-11-23,0.006,Alabama
2020-11-23,0.0,Alaska
2020-11-23,0.018,Arizona
2020-11-23,0.0112,Arkansas
2020-11-23,0.0208,California
2020-11-23,0.0112,Colorado
2020-11-23,0.0168,Connecticut
2020-11-23,0.0108,Delaware
2020-11-23,0.0112,Florida
2020-11-23,0.0096,Georgia
2020-11-23,0.0384,Hawaii
2020-11-23,0.0,Idaho
2020-11-23,0.0144,Illinois
2020-11-23,0.012,Indiana
2020-11-23,0.0228,Iowa
2020-11-23,0.0064,Kansas
2020-11-23,0.0072,Kentucky
2020-11-23,0.0128,Louisiana
2020-11-23,0.0088,Maine
2020-11-23,0.01,Maryland
2020-11-23,0.0184,Massachusetts
2020-11-23,0.0152,Michigan
2020-11-23,0.0148,Minnesota
2020-11-23,0.0124,Mississippi
2020-11-23,0.0076,Missouri
2020-11-23,0.0184,Montana
2020-11-23,0.0224,Nebraska
2020-11-23,0.018,Nevada
2020-11-23,0.0116,New Hampshire
2020-11-23,0.0184,New Jersey
2020-11-23,0.02,New Mexico
2020-11-23,0.0156,New York
2020-11-23,0.0132,North Carolina
2020-11-23,0.016,North Dakota
2020-11-23,0.0128,Ohio
2020-11-23,0.0136,Oklahoma
2020-11-23,0.028,Oregon
2020-11-23,0.0128,Pennsylvania
2020-11-23,0.01,Rhode Island
2020-11-23,0.0148,South Carolina
2020-11-23,0.0,South Dakota
2020-11-23,0.0088,Tennessee
2020-11-23,0.0108,Texas
2020-11-23,0.01,Utah
2020-11-23,0.0,Vermont
2020-11-23,0.0132,Virginia
2020-11-23,0.0268,Washington
2020-11-23,0.0308,West Virginia
2020-11-23,0.0132,Wisconsin
2020-11-23,0.0,Wyoming
2020-11-30,0.018857142857142857,Alabama
2020-11-30,0.044,Alaska
2020-11-30,0.035828571428571425,Arizona
2020-11-30,0.018857142857142857,Arkansas
2020-11-30,0.06285714285714286,California
2020-11-30,0.015714285714285715,Colorado
2020-11-30,0.014457142857142856,Connecticut
2020-11-30,0.0,Delaware
2020-11-30,0.020742857142857143,Florida
2020-11-30,0.020742857142857143,Georgia
2020-11-30,0.037085714285714284,Hawaii
2020-11-30,0.010057142857142857,Idaho
2020-11-30,0.03331428571428571,Illinois
2020-11-30,0.025771428571428574,Indiana
2020-11-30,0.027657142857142856,Iowa
2020-11-30,0.020742857142857143,Kansas
2020-11-30,0.013828571428571428,Kentucky
2020-11-30,0.019485714285714287,Louisiana
2020-11-30,0.0,Maine
2020-11-30,0.037085714285714284,Maryland
2020-11-30,0.040857142857142856,Massachusetts
2020-11-30,0.022,Michigan
2020-11-30,0.0352,Minnesota
2020-11-30,0.020742857142857143,Mississippi
2020-11-30,0.01634285714285714,Missouri
2020-11-30,0.0264,Montana
2020-11-30,0.01634285714285714,Nebraska
2020-11-30,0.021371428571428572,Nevada
2020-11-30,0.027657142857142856,New Hampshire
2020-11-30,0.040228571428571426,New Jersey
2020-11-30,0.020114285714285713,New Mexico
2020-11-30,0.036457142857142855,New York
2020-11-30,0.022,North Carolina
2020-11-30,0.043371428571428575,North Dakota
2020-11-30,0.020742857142857143,Ohio
2020-11-30,0.018857142857142857,Oklahoma
2020-11-30,0.041485714285714285,Oregon
2020-11-30,0.02514285714285714,Pennsylvania
2020-11-30,0.05468571428571429,Rhode Island
2020-11-30,0.02262857142857143,South Carolina
2020-11-30,0.043371428571428575,South Dakota
2020-11-30,0.020742857142857143,Tennessee
2020-11-30,0.025771428571428574,Texas
2020-11-30,0.023885714285714284,Utah
2020-11-30,0.0,Vermont
2020-11-30,0.03394285714285714,Virginia
2020-11-30,0.057828571428571424,Washington
2020-11-30,0.021371428571428572,West Virginia
2020-11-30,0.022,Wisconsin
2020-11-30,0.03394285714285714,Wyoming
2020-12-07,0.012485714285714284,Alabama
2020-12-07,0.013142857142857142,Alaska
2020-12-07,0.01117142857142857,Arizona
2020-12-07,0.009857142857142858,Arkansas
2020-12-07,0.023,California
2020-12-07,0.01774285714285714,Colorado
2020-12-07,0.01774285714285714,Connecticut
2020-12-07,0.0138,Delaware
2020-12-07,0.012485714285714284,Florida
2020-12-07,0.011828571428571428,Georgia
2020-12-07,0.011828571428571428,Hawaii
2020-12-07,0.026285714285714284,Idaho
2020-12-07,0.012485714285714284,Illinois
2020-12-07,0.011828571428571428,Indiana
2020-12-07,0.010514285714285714,Iowa
2020-12-07,0.011828571428571428,Kansas
2020-12-07,0.01577142857142857,Kentucky
2020-12-07,0.013142857142857142,Louisiana
2020-12-07,0.005257142857142857,Maine
2020-12-07,0.023,Maryland
2020-12-07,0.016428571428571428,Massachusetts
2020-12-07,0.0138,Michigan
2020-12-07,0.021685714285714287,Minnesota
2020-12-07,0.005914285714285714,Mississippi
2020-12-07,0.013142857142857142,Missouri
2020-12-07,0.019057142857142856,Montana
2020-12-07,0.010514285714285714,Nebraska
2020-12-07,0.0092,Nevada
2020-12-07,0.007228571428571428,New Hampshire
2020-12-07,0.020371428571428568,New Jersey
2020-12-07,0.019714285714285715,New Mexico
2020-12-07,0.019714285714285715,New York
2020-12-07,0.0138,North Carolina
2020-12-07,0.009857142857142858,North Dakota
2020-12-07,0.017085714285714287,Ohio
2020-12-07,0.010514285714285714,Oklahoma
2020-12-07,0.026285714285714284,Oregon
2020-12-07,0.015114285714285714,Pennsylvania
2020-12-07,0.015114285714285714,Rhode Island
2020-12-07,0.006571428571428571,South Carolina
2020-12-07,0.009857142857142858,South Dakota
2020-12-07,0.010514285714285714,Tennessee
2020-12-07,0.014457142857142856,Texas
2020-12-07,0.01577142857142857,Utah
2020-12-07,0.011828571428571428,Vermont
2020-12-07,0.021028571428571428,Virginia
2020-12-07,0.03351428571428571,Washington
2020-12-07,0.007228571428571428,West Virginia
2020-12-07,0.012485714285714284,Wisconsin
2020-12-07,0.014457142857142856,Wyoming
2020-12-14,0.006,Alabama
2020-12-14,0.04285714285714286,Alaska
2020-12-14,0.018428571428571426,Arizona
2020-12-14,0.014571428571428572,Arkansas
2020-12-14,0.026142857142857145,California
2020-12-14,0.016714285714285713,Colorado
2020-12-14,0.018,Connecticut
2020-12-14,0.0,Delaware
2020-12-14,0.012428571428571428,Florida
2020-12-14,0.012428571428571428,Georgia
2020-12-14,0.022285714285714287,Hawaii
2020-12-14,0.02357142857142857,Idaho
2020-12-14,0.013285714285714286,Illinois
2020-12-14,0.01714285714285714,Indiana
2020-12-14,0.009428571428571429,Iowa
2020-12-14,0.010285714285714287,Kansas
2020-12-14,0.013714285714285714,Kentucky
2020-12-14,0.01714285714285714,Louisiana
2020-12-14,0.015428571428571427,Maine
2020-12-14,0.022714285714285715,Maryland
2020-12-14,0.012857142857142855,Massachusetts
2020-12-14,0.01757142857142857,Michigan
2020-12-14,0.018857142857142857,Minnesota
2020-12-14,0.012,Mississippi
2020-12-14,0.016714285714285713,Missouri
2020-12-14,0.009857142857142858,Montana
2020-12-14,0.004714285714285714,Nebraska
2020-12-14,0.015428571428571427,Nevada
2020-12-14,0.012857142857142855,New Hampshire
2020-12-14,0.01714285714285714,New Jersey
2020-12-14,0.02357142857142857,New Mexico
2020-12-14,0.012,New York
2020-12-14,0.015857142857142854,North Carolina
2020-12-14,0.025285714285714286,North Dakota
2020-12-14,0.012857142857142855,Ohio
2020-12-14,0.018,Oklahoma
2020-12-14,0.03257142857142857,Oregon
2020-12-14,0.015428571428571427,Pennsylvania
2020-12-14,0.012428571428571428,Rhode Island
2020-12-14,0.013714285714285714,South Carolina
2020-12-14,0.018857142857142857,South Dakota
2020-12-14,0.010285714285714287,Tennessee
2020-12-14,0.012428571428571428,Texas
2020-12-14,0.015428571428571427,Utah
2020-12-14,0.031285714285714285,Vermont
2020-12-14,0.015,Virginia
2020-12-14,0.03514285714285714,Washington
2020-12-14,0.012428571428571428,West Virginia
2020-12-14,0.01757142857142857,Wisconsin
2020-12-14,0.0,Wyoming
2020-12-21,0.007142857142857143,Alabama
2020-12-21,0.0,Alaska
2020-12-21,0.006285714285714286,Arizona
2020-12-21,0.008571428571428572,Arkansas
2020-12-21,0.012,California
2020-12-21,0.004285714285714286,Colorado
2020-12-21,0.004857142857142857,Connecticut
2020-12-21,0.014,Delaware
2020-12-21,0.004857142857142857,Florida
2020-12-21,0.005714285714285714,Georgia
2020-12-21,0.016571428571428574,Hawaii
2020-12-21,0.016285714285714285,Idaho
2020-12-21,0.005714285714285714,Illinois
2020-12-21,0.006285714285714286,Indiana
2020-12-21,0.008571428571428572,Iowa
2020-12-21,0.016571428571428574,Kansas
2020-12-21,0.008285714285714287,Kentucky
2020-12-21,0.006285714285714286,Louisiana
2020-12-21,0.011428571428571429,Maine
2020-12-21,0.010571428571428572,Maryland
2020-12-21,0.004571428571428572,Massachusetts
2020-12-21,0.007428571428571429,Michigan
2020-12-21,0.010857142857142857,Minnesota
2020-12-21,0.008,Mississippi
2020-12-21,0.008,Missouri
2020-12-21,0.0077142857142857135,Montana
2020-12-21,0.0054285714285714284,Nebraska
2020-12-21,0.0054285714285714284,Nevada
2020-12-21,0.007428571428571429,New Hampshire
2020-12-21,0.012,New Jersey
2020-12-21,0.007142857142857143,New Mexico
2020-12-21,0.008285714285714287,New York
2020-12-21,0.006571428571428572,North Carolina
2020-12-21,0.02142857142857143,North Dakota
2020-12-21,0.005714285714285714,Ohio
2020-12-21,0.008571428571428572,Oklahoma
2020-12-21,0.023142857142857146,Oregon
2020-12-21,0.0054285714285714284,Pennsylvania
2020-12-21,0.016,Rhode Island
2020-12-21,0.0037142857142857147,South Carolina
2020-12-21,0.0,South Dakota
2020-12-21,0.003142857142857143,Tennessee
2020-12-21,0.005714285714285714,Texas
2020-12-21,0.008857142857142857,Utah
2020-12-21,0.023142857142857146,Vermont
2020-12-21,0.007428571428571429,Virginia
2020-12-21,0.017714285714285714,Washington
2020-12-21,0.004857142857142857,West Virginia
2020-12-21,0.010285714285714287,Wisconsin
2020-12-21,0.0,Wyoming
2020-12-28,0.0066,Alabama
2020-12-28,0.011314285714285714,Alaska
2020-12-28,0.006285714285714285,Arizona
2020-12-28,0.002514285714285714,Arkansas
2020-12-28,0.009742857142857143,California
2020-12-28,0.0066,Colorado
2020-12-28,0.0066,Connecticut
2020-12-28,0.011942857142857142,Delaware
2020-12-28,0.005028571428571428,Florida
2020-12-28,0.006285714285714285,Georgia
2020-12-28,0.009742857142857143,Hawaii
2020-12-28,0.0176,Idaho
2020-12-28,0.006285714285714285,Illinois
2020-12-28,0.010371428571428571,Indiana
2020-12-28,0.0022,Iowa
2020-12-28,0.005971428571428571,Kansas
2020-12-28,0.010685714285714286,Kentucky
2020-12-28,0.009114285714285714,Louisiana
2020-12-28,0.009428571428571429,Maine
2020-12-28,0.016657142857142856,Maryland
2020-12-28,0.012257142857142857,Massachusetts
2020-12-28,0.011628571428571427,Michigan
2020-12-28,0.0154,Minnesota
2020-12-28,0.005342857142857143,Mississippi
2020-12-28,0.00817142857142857,Missouri
2020-12-28,0.0198,Montana
2020-12-28,0.009428571428571429,Nebraska
2020-12-28,0.00817142857142857,Nevada
2020-12-28,0.012257142857142857,New Hampshire
2020-12-28,0.007857142857142858,New Jersey
2020-12-28,0.009114285714285714,New Mexico
2020-12-28,0.010371428571428571,New York
2020-12-28,0.005342857142857143,North Carolina
2020-12-28,0.009114285714285714,North Dakota
2020-12-28,0.009114285714285714,Ohio
2020-12-28,0.009114285714285714,Oklahoma
2020-12-28,0.018228571428571427,Oregon
2020-12-28,0.010057142857142857,Pennsylvania
2020-12-28,0.005342857142857143,Rhode Island
2020-12-28,0.011628571428571427,South Carolina
2020-12-28,0.02482857142857143,South Dakota
2020-12-28,0.005028571428571428,Tennessee
2020-12-28,0.005028571428571428,Texas
2020-12-28,0.0066,Utah
2020-12-28,0.019485714285714287,Vermont
2020-12-28,0.010057142857142857,Virginia
2020-12-28,0.012257142857142857,Washington
2020-12-28,0.014142857142857141,West Virginia
2020-12-28,0.011942857142857142,Wisconsin
2020-12-28,0.0,Wyoming
2021-01-04,0.061314285714285724,Alabama
2021-01-04,0.10771428571428573,Alaska
2021-01-04,0.06960000000000001,Arizona
2021-01-04,0.09942857142857144,Arkansas
2021-01-04,0.08120000000000001,California
2021-01-04,0.10605714285714286,Colorado
2021-01-04,0.07954285714285715,Connecticut
2021-01-04,0.07125714285714287,Delaware
2021-01-04,0.0662857142857143,Florida
2021-01-04,0.08285714285714287,Georgia
2021-01-04,0.06297142857142858,Hawaii
2021-01-04,0.12097142857142858,Idaho
2021-01-04,0.0778857142857143,Illinois
2021-01-04,0.07954285714285715,Indiana
2021-01-04,0.0894857142857143,Iowa
2021-01-04,0.10274285714285715,Kansas
2021-01-04,0.07622857142857144,Kentucky
2021-01-04,0.07291428571428572,Louisiana
2021-01-04,0.11931428571428573,Maine
2021-01-04,0.09777142857142858,Maryland
2021-01-04,0.07622857142857144,Massachusetts
2021-01-04,0.1044,Michigan
2021-01-04,0.09611428571428572,Minnesota
2021-01-04,0.06297142857142858,Mississippi
2021-01-04,0.09445714285714286,Missouri
2021-01-04,0.0894857142857143,Montana
2021-01-04,0.07457142857142858,Nebraska
2021-01-04,0.08120000000000001,Nevada
2021-01-04,0.08782857142857144,New Hampshire
2021-01-04,0.06960000000000001,New Jersey
2021-01-04,0.07125714285714287,New Mexico
2021-01-04,0.061314285714285724,New York
2021-01-04,0.07622857142857144,North Carolina
2021-01-04,0.07622857142857144,North Dakota
2021-01-04,0.08285714285714287,Ohio
2021-01-04,0.0778857142857143,Oklahoma
2021-01-04,0.11268571428571429,Oregon
2021-01-04,0.08285714285714287,Pennsylvania
2021-01-04,0.0894857142857143,Rhode Island
2021-01-04,0.06462857142857144,South Carolina
2021-01-04,0.07125714285714287,South Dakota
2021-01-04,0.07622857142857144,Tennessee
2021-01-04,0.06794285714285714,Texas
2021-01-04,0.09777142857142858,Utah
2021-01-04,0.11268571428571429,Vermont
2021-01-04,0.09611428571428572,Virginia
2021-01-04,0.10605714285714286,Washington
2021-01-04,0.08451428571428572,West Virginia
2021-01-04,0.08451428571428572,Wisconsin
2021-01-04,0.09942857142857144,Wyoming
2021-01-11,0.0168,Alabama
2021-01-11,0.0392,Alaska
2021-01-11,0.0189,Arizona
2021-01-11,0.0175,Arkansas
2021-01-11,0.0245,California
2021-01-11,0.028,Colorado
2021-01-11,0.0357,Connecticut
2021-01-11,0.0252,Delaware
2021-01-11,0.0154,Florida
2021-01-11,0.0217,Georgia
2021-01-11,0.0252,Hawaii
2021-01-11,0.0112,Idaho
2021-01-11,0.021,Illinois
2021-01-11,0.0224,Indiana
2021-01-11,0.0189,Iowa
2021-01-11,0.0189,Kansas
2021-01-11,0.0154,Kentucky
2021-01-11,0.0259,Louisiana
2021-01-11,0.0315,Maine
2021-01-11,0.0287,Maryland
2021-01-11,0.0287,Massachusetts
2021-01-11,0.0266,Michigan
2021-01-11,0.0301,Minnesota
2021-01-11,0.0126,Mississippi
2021-01-11,0.0266,Missouri
2021-01-11,0.0427,Montana
2021-01-11,0.0259,Nebraska
2021-01-11,0.0266,Nevada
2021-01-11,0.021,New Hampshire
2021-01-11,0.021,New Jersey
2021-01-11,0.0217,New Mexico
2021-01-11,0.0175,New York
2021-01-11,0.0196,North Carolina
2021-01-11,0.021,North Dakota
2021-01-11,0.0231,Ohio
2021-01-11,0.0287,Oklahoma
2021-01-11,0.0413,Oregon
2021-01-11,0.0259,Pennsylvania
2021-01-11,0.0231,Rhode Island
2021-01-11,0.0189,South Carolina
2021-01-11,0.0245,South Dakota
2021-01-11,0.0259,Tennessee
2021-01-11,0.0175,Texas
2021-01-11,0.028,Utah
2021-01-11,0.035,Vermont
2021-01-11,0.0273,Virginia
2021-01-11,0.028,Washington
2021-01-11,0.035,West Virginia
2021-01-11,0.0252,Wisconsin
2021-01-11,0.0602,Wyoming
